Country,Dish,Ingredients (Quantity)
Afghanistan,Kabuli Palaw,"Basmati rice (500g); Lamb (500g); Carrots (2); Raisins (100g); Cumin (1 tsp); Cardamom (1 tsp); Cloves (1/2 tsp); Onion (1); Oil (100ml); Sugar (2 tbsp)"
Afghanistan,Mantu,"Pasta wrappers (30); Ground beef (500g); Onion (3); Yogurt (200g); Garlic (3 cloves); Dried mint (1 tbsp); Turmeric (1/2 tsp); Black pepper (1 tsp); Split peas (50g); Coriander (1 tsp)"
Afghanistan,Bolani,"Flour (500g); Potatoes (300g); Leeks (200g); Cilantro (1/2 cup); Green chili (1); Black pepper (1/2 tsp); Salt (1 tsp); Oil (50ml); Water (200ml); Garlic (2 cloves)"
Albania,Tavë Kosi,"Lamb (600g); Yogurt (500g); Rice (100g); Eggs (3); Butter (50g); Flour (2 tbsp); Garlic (2 cloves); Oregano (1 tsp); Black pepper (1/2 tsp); Salt (1 tsp)"
Albania,Byrek,"Phyllo dough (500g); Spinach (400g); Feta cheese (200g); Eggs (2); Onion (1); Olive oil (100ml); Black pepper (1/2 tsp); Salt (1/2 tsp); Butter (50g); Milk (50ml)"
Albania,Speca me Gjizë,"Bell peppers (6); Curd cheese (300g); Tomatoes (2); Garlic (3 cloves); Olive oil (50ml); Black pepper (1/2 tsp); Chili flakes (1/2 tsp); Parsley (1 tbsp); Salt (1 tsp); Onion (1)"
Algeria,Couscous,"Couscous (500g); Lamb (500g); Chickpeas (200g); Carrots (2); Zucchini (2); Ras el Hanout (1 tbsp); Cinnamon (1/2 tsp); Tomato paste (2 tbsp); Onion (1); Saffron (pinch)"
Algeria,Chakhchoukha,"Flatbread (300g); Lamb (500g); Chickpeas (100g); Tomato puree (200ml); Ras el Hanout (1 tbsp); Garlic (4 cloves); Onion (2); Harissa (1 tsp); Paprika (1 tsp); Oil (50ml)"
Algeria,Rechta,"Noodles (500g); Chicken (1kg); Turnips (300g); Chickpeas (100g); Cinnamon (1 tsp); Black pepper (1/2 tsp); Onion (1); Butter (50g); Oil (2 tbsp); Salt (1 tsp)"
Andorra,Escudella,"White beans (200g); Beef (200g); Pork (200g); Chicken (200g); Cabbage (1/2); Potatoes (2); Pasta shells (100g); Garlic (2 cloves); Parsley (1 tbsp); Saffron (pinch)"
Andorra,Trinxat,"Cabbage (1 small); Potatoes (500g); Bacon (150g); Garlic (3 cloves); Olive oil (3 tbsp); Black pepper (1/2 tsp); Salt (1 tsp)"
Andorra,Cunillo,"Rabbit (1kg); Garlic (5 cloves); White wine (200ml); Thyme (2 sprigs); Rosemary (1 sprig); Olive oil (50ml); Black pepper (1/2 tsp); Salt (1 tsp)"
Angola,Moamba de Galinha,"Chicken (1kg); Palm butter (200g); Garlic (4 cloves); Onion (1); Chili pepper (1); Okra (10); Squash (200g); Lemon juice (1 tbsp); Salt (1 tsp); Water (500ml)"
Angola,Calulu,"Dried fish (300g); Fresh fish (300g); Sweet potato leaves (200g); Okra (10); Tomatoes (3); Onion (1); Palm oil (50ml); Garlic (2 cloves); Salt (1 tsp)"
Angola,Funge,"Cassava flour (500g); Water (1L); Salt (1 tsp)"
Antigua and Barbuda,Fungee,"Cornmeal (250g); Okra (6); Water (500ml); Salt (1 tsp); Butter (1 tbsp)"
Antigua and Barbuda,Pepperpot,"Beef (500g); Salt pork (200g); Spinach (200g); Eggplant (1); Squash (200g); Thyme (3 sprigs); Chives (2 tbsp); Garlic (2 cloves); Scotch bonnet (1); Cinnamon (1/2 tsp)"
Antigua and Barbuda,Ducana,"Sweet potato (500g); Coconut (200g); Sugar (100g); Flour (100g); Raisins (50g); Cinnamon (1 tsp); Nutmeg (1/2 tsp); Vanilla (1 tsp); Salt (1/2 tsp)"
Argentina,Asado,"Beef ribs (2kg); Chorizo (4); Coarse salt (3 tbsp); Chimichurri (100ml); Garlic (4 cloves); Dried oregano (1 tbsp); Chili flakes (1 tsp); Parsley (1/2 cup); Olive oil (50ml); Vinegar (2 tbsp)"
Argentina,Empanadas,"Pastry discs (12); Ground beef (500g); Onion (2); Cumin (1 tsp); Paprika (1 tbsp); Hard-boiled eggs (2); Green olives (50g); Green onion (2); Fat/Lard (50g); Salt (1 tsp)"
Argentina,Milanesa,"Beef steak (4); Breadcrumbs (200g); Eggs (2); Garlic (2 cloves); Parsley (2 tbsp); Salt (1 tsp); Black pepper (1/2 tsp); Flour (50g); Lemon (1); Oil (200ml)"
Armenia,Khorovats,"Pork loin (1kg); Onion (2); Basil (1 tbsp); Parsley (1 tbsp); Black pepper (1 tsp); Salt (1 tsp); Paprika (1 tsp); Oil (2 tbsp)"
Armenia,Dolma,"Grape leaves (30); Ground beef (500g); Rice (100g); Onion (1); Tomato paste (2 tbsp); Dried mint (1 tsp); Cilantro (2 tbsp); Cumin (1/2 tsp); Black pepper (1/2 tsp); Salt (1 tsp)"
Armenia,Ghapama,"Pumpkin (1 large); Rice (200g); Honey (3 tbsp); Cinnamon (1 tsp); Dried apricots (50g); Raisins (50g); Almonds (30g); Butter (50g); Cloves (1/4 tsp); Salt (pinch)"
Australia,Meat Pie,"Shortcrust pastry (250g); Puff pastry (250g); Ground beef (500g); Beef gravy (250ml); Onion (1); Worcestershire sauce (1 tbsp); Garlic (1 clove); Thyme (1/2 tsp); Egg (1); Salt (1 tsp)"
Australia,Roast Lamb,"Leg of lamb (2kg); Garlic (5 cloves); Rosemary (4 sprigs); Olive oil (3 tbsp); Salt (2 tsp); Black pepper (1 tsp); Lemon juice (2 tbsp)"
Australia,Barramundi,"Barramundi fillet (2); Lemon (1); Garlic (2 cloves); Parsley (1 tbsp); Butter (30g); Salt (1/2 tsp); Black pepper (1/2 tsp); Olive oil (1 tbsp)"
Austria,Wiener Schnitzel,"Veal cutlets (4); Flour (100g); Eggs (2); Breadcrumbs (150g); Butter (100g); Salt (1 tsp); Lemon (1); Parsley (1 sprig)"
Austria,Tafelspitz,"Beef brisket (1.5kg); Carrots (2); Leek (1); Celery root (100g); Peppercorns (5); Bay leaf (1); Chives (1 bunch); Salt (2 tsp); Horseradish (50g)"
Austria,Apfelstrudel,"Phyllo dough (4 sheets); Apples (1kg); Breadcrumbs (100g); Cinnamon (1 tsp); Sugar (100g); Raisins (50g); Lemon juice (1 tbsp); Butter (100g); Rum (1 tbsp); Vanilla (1 tsp)"
Azerbaijan,Plov,"Basmati rice (500g); Lamb (500g); Saffron (pinch); Apricots (100g); Chestnuts (100g); Raisins (100g); Butter (150g); Onion (2); Turmeric (1/2 tsp); Salt (1 tsp)"
Azerbaijan,Dolma,"Lamb mince (500g); Grape leaves (40); Rice (50g); Onion (1); Cilantro (2 tbsp); Dill (2 tbsp); Mint (1 tbsp); Turmeric (1/2 tsp); Black pepper (1/2 tsp); Salt (1 tsp)"
Azerbaijan,Lyulya Kebab,"Lamb mince (1kg); Lamb fat (200g); Onion (2); Salt (2 tsp); Black pepper (1 tsp); Sumac (1 tbsp); Cilantro (2 tbsp)"
Bahamas,Conch Fritters,"Conch meat (250g); Flour (200g); Bell pepper (1); Onion (1); Celery (1); Thyme (1 tsp); Cayenne pepper (1/2 tsp); Garlic powder (1 tsp); Milk (100ml); Lime (1)"
Bahamas,Peas n' Rice,"Pigeon peas (200g); Rice (400g); Salt pork (100g); Tomato paste (2 tbsp); Thyme (2 sprigs); Onion (1); Celery (1); Garlic (2 cloves); Scotch bonnet (1); Salt (1 tsp)"
Bahamas,Guava Duff,"Guava (500g); Flour (400g); Butter (150g); Sugar (200g); Eggs (2); Baking powder (2 tsp); Nutmeg (1 tsp); Cinnamon (1 tsp); Vanilla (1 tsp); Rum (2 tbsp)"
Bahrain,Machboos,"Chicken (1kg); Basmati rice (500g); Baharat spice (1 tbsp); Dried lime (2); Turmeric (1 tsp); Cinnamon (1 stick); Cardamom (5); Cloves (3); Ginger (1 tbsp); Garlic (3 cloves)"
Bahrain,Muhammar,"Basmati rice (500g); Sugar (200g); Cardamom (1 tsp); Saffron (pinch); Rose water (2 tbsp); Ghee (50g); Cloves (3)"
Bahrain,Gabout,"Flour (300g); Ground meat (200g); Onion (2); Baharat (1 tbsp); Tomato paste (2 tbsp); Turmeric (1/2 tsp); Dried lime (1); Cilantro (2 tbsp); Garlic (2 cloves); Black pepper (1/2 tsp)"
Bangladesh,Ilish Macher Jhol,"Hilsa fish (500g); Mustard oil (50ml); Turmeric (1 tsp); Nigella seeds (1/2 tsp); Green chilies (4); Mustard paste (2 tbsp); Salt (1 tsp)"
Bangladesh,Biryani,"Basmati rice (500g); Mutton (500g); Yogurt (150g); Ginger-garlic paste (2 tbsp); Biryani spice mix (2 tbsp); Onion (3); Ghee (100g); Saffron (pinch); Kewra water (1 tsp); Salt (1 tsp)"
Bangladesh,Bhuna Khichuri,"Rice (250g); Moong dal (250g); Ghee (50g); Turmeric (1 tsp); Ginger paste (1 tbsp); Cinnamon (1 stick); Cardamom (3); Cloves (3); Bay leaf (1); Salt (1 tsp)"
Barbados,Cou-cou,"Cornmeal (250g); Okra (10); Water (500ml); Butter (1 tbsp); Salt (1 tsp); Black pepper (1/2 tsp)"
Barbados,Flying Fish,"Flying fish fillets (4); Lime juice (2 tbsp); Bajan seasoning (2 tbsp); Flour (100g); Breadcrumbs (100g); Egg (1); Thyme (1 tsp); Marjoram (1/2 tsp); Salt (1 tsp); Oil (200ml)"
Barbados,Pudding and Souse,"Sweet potato (500g); Pig trotters (500g); Lime juice (100ml); Cucumber (1); Scotch bonnet (1); Parsley (2 tbsp); Thyme (1 tbsp); Onion (1); Cloves (1/2 tsp); Salt (2 tsp)"
Belarus,Draniki,"Potatoes (1kg); Onion (1); Egg (1); Flour (2 tbsp); Salt (1 tsp); Sour cream (100g); Sunflower oil (100ml); Black pepper (1/4 tsp)"
Belarus,Machanka,"Pork ribs (500g); Pork sausage (200g); Sour cream (200ml); Flour (2 tbsp); Onion (1); Bay leaf (1); Marjoram (1 tsp); Lard (30g); Salt (1 tsp); Black pepper (1/2 tsp)"
Belarus,Kolduny,"Potatoes (1kg); Ground pork (300g); Onion (1); Egg (1); Garlic (2 cloves); Marjoram (1/2 tsp); Salt (1 tsp); Black pepper (1/2 tsp); Sour cream (100g); Oil (50ml)"
Belgium,Moules-Frites,"Mussels (2kg); Potatoes (1kg); White wine (200ml); Butter (50g); Shallots (2); Celery (1 stalk); Parsley (2 tbsp); Thyme (1 sprig); Garlic (2 cloves); Black pepper (1/2 tsp)"
Belgium,Carbonade Flamande,"Beef chuck (1kg); Abbey beer (500ml); Onions (3); Beef stock (250ml); Brown bread (1 slice); Mustard (2 tbsp); Thyme (2 sprigs); Bay leaf (1); Butter (50g); Brown sugar (1 tbsp)"
Belgium,Waterzooi,"Chicken (1kg); Leeks (2); Carrots (2); Celery (1 stalk); Heavy cream (200ml); Egg yolks (2); Chicken stock (500ml); Parsley (1 tbsp); Thyme (1 sprig); Butter (30g)"
Belize,Rice and Beans,"Red kidney beans (200g); Rice (400g); Coconut milk (400ml); Thyme (2 sprigs); Garlic (2 cloves); Onion (1); Salt (1 tsp); Black pepper (1/2 tsp); Recado rojo (1 tsp)"
Belize,Boil Up,"Cassava (200g); Yam (200g); Plantain (1); Sweet potato (200g); Fish (500g); Pig tail (200g); Egg (2); Flour dumplings (4); Tomato sauce (100ml); Onion (1)"
Belize,Fry Jacks,"Flour (250g); Baking powder (1 tsp); Salt (1/2 tsp); Shortening (1 tbsp); Water (150ml); Oil for frying (500ml)"
Benin,Kuli-kuli,"Peanuts (500g); Ginger powder (1 tsp); Chili powder (1/2 tsp); Salt (1 tsp); Peanut oil (500ml)"
Benin,Amiwo,"Corn flour (300g); Tomato paste (2 tbsp); Onion (1); Garlic (2 cloves); Chicken stock (500ml); Shrimp powder (1 tbsp); Chili powder (1/2 tsp); Oil (2 tbsp); Salt (1 tsp)"
Benin,Wagasi,"Wagasi cheese (500g); Tomatoes (3); Onion (1); Chili pepper (1); Garlic (2 cloves); Ginger (1 tsp); Oil (100ml); Salt (1 tsp)"
Bhutan,Ema Datshi,"Green chilies (250g); Yak cheese (200g); Garlic (3 cloves); Onion (1); Tomato (1); Butter (2 tbsp); Salt (1 tsp); Water (200ml)"
Bhutan,Phaksha Paa,"Pork belly (500g); Dried red chilies (10); Radish (200g); Ginger (1 tbsp); Garlic (3 cloves); Bok choy (100g); Chili powder (1 tsp); Salt (1 tsp)"
Bhutan,Jasha Maru,"Chicken (500g); Ginger (2 tbsp); Garlic (1 tbsp); Onion (1); Green chili (3); Tomato (1); Cilantro (1/2 cup); Oil (2 tbsp); Salt (1 tsp)"
Bolivia,Salteñas,"Beef (500g); Flour (500g); Potatoes (200g); Peas (50g); Gelatin (1 tbsp); Aji panca (2 tbsp); Cumin (1 tsp); Oregano (1 tsp); Onion (1); Olives (12)"
Bolivia,Pique Macho,"Beef steak (500g); French fries (500g); Sausage (200g); Onion (1); Tomato (2); Locoto pepper (1); Cumin (1/2 tsp); Black pepper (1/2 tsp); Soy sauce (1 tbsp); Egg (2)"
Bolivia,Silpancho,"Beef schnitzel (4); Rice (200g); Potatoes (3); Onion (1); Tomato (1); Beetroot (1); Egg (4); Breadcrumbs (100g); Cumin (1/2 tsp); Salt (1 tsp)"
Bosnia and Herzegovina,Ćevapi,"Ground beef (700g); Ground lamb (300g); Garlic (4 cloves); Baking soda (1 tsp); Black pepper (1 tsp); Salt (2 tsp); Somun bread (4); Raw onion (2); Kajmak (100g)"
Bosnia and Herzegovina,Burek,"Phyllo pastry (500g); Ground beef (500g); Onion (2); Black pepper (1 tsp); Salt (1 tsp); Butter (100g); Water (100ml); Oil (2 tbsp)"
Bosnia and Herzegovina,Klepe,"Flour (300g); Egg (1); Ground beef (200g); Onion (1); Garlic (2 cloves); Sour cream (200ml); Butter (30g); Paprika (1 tsp); Salt (1 tsp); Black pepper (1/2 tsp)"
Botswana,Seswaa,"Beef (1kg); Water (1L); Salt (1 tbsp); Black pepper (1 tsp)"
Botswana,Bogobe,"Sorghum flour (500g); Water (1.5L); Salt (1 tsp)"
Botswana,Matmekwane,"Flour (500g); Yeast (1 tsp); Water (300ml); Salt (1 tsp); Sugar (1 tsp); Oil (for frying)"
Brazil,Feijoada,"Black beans (500g); Pork ribs (300g); Paio sausage (200g); Beef jerky (200g); Bacon (100g); Garlic (4 cloves); Bay leaf (3); Onion (1); Orange (1); Salt (1 tsp)"
Brazil,Picanha,"Top sirloin cap (1.5kg); Coarse sea salt (3 tbsp)"
Brazil,Moqueca,"White fish (800g); Shrimp (200g); Coconut milk (400ml); Dendê oil (2 tbsp); Bell peppers (2); Onion (1); Tomatoes (2); Cilantro (1/2 cup); Garlic (3 cloves); Lime (1)"
Brunei,Ambuyat,"Sago starch (500g); Hot water (1L)"
Brunei,Kelupis,"Glutinous rice (500g); Coconut milk (300ml); Pandan leaves (2); Salt (1 tsp); Nyirik leaves (for wrapping)"
Brunei,Nasi Katok,"Fried chicken (4 pieces); White rice (4 servings); Chili paste (4 tbsp); Garlic (3 cloves); Onion (1); Ginger (1 tsp); Shrimp paste (1 tsp); Sugar (1 tbsp); Tamarind (1 tbsp); Salt (1 tsp)"
Bulgaria,Banitsa,"Phyllo pastry (500g); Sirene cheese (400g); Yogurt (400g); Eggs (4); Baking soda (1 tsp); Butter (100g); Salt (1/2 tsp)"
Bulgaria,Shkembe Chorba,"Tripe (500g); Milk (500ml); Garlic (5 cloves); Vinegar (50ml); Chili flakes (1 tbsp); Paprika (1 tsp); Butter (30g); Salt (1 tsp); Peppercorns (5)"
Bulgaria,Kavarma,"Pork (800g); Leeks (2); Onion (1); Mushrooms (200g); Tomato paste (1 tbsp); Savory herb (1 tsp); Paprika (1 tsp); Red wine (100ml); Black pepper (1/2 tsp); Salt (1 tsp)"
Burkina Faso,Riz Gras,"Rice (500g); Chicken (500g); Tomato paste (3 tbsp); Onion (2); Garlic (3 cloves); Ginger (1 tsp); Chili pepper (1); Oil (100ml); Thyme (1/2 tsp); Maggi cube (1)"
Burkina Faso,Poulet Bicyclette,"Tough chicken (1); Ginger (2 tbsp); Garlic (3 cloves); Onion (1); Chili powder (1 tsp); Oil (50ml); Salt (1 tsp); Thyme (1 tsp)"
Burkina Faso,Babenda,"Spinach (300g); Soumbala (2 tbsp); Fermented locust beans (1 tbsp); Rice (100g); Smoked fish (100g); Peanut paste (2 tbsp); Chili pepper (1); Salt (1 tsp)"
Burundi,Boko Boko Harees,"Cracked wheat (500g); Chicken (500g); Onion (2); Turmeric (1 tsp); Cinnamon (1/2 tsp); Ghee (50g); Salt (1 tsp); Sugar (1 tbsp)"
Burundi,Ndagala,"Small dried fish (300g); Tomatoes (2); Onion (1); Garlic (2 cloves); Chili pepper (1); Oil (3 tbsp); Salt (1 tsp); Lemon juice (1 tbsp)"
Burundi,Mukeke,"Mukeke fish (2); Garlic (3 cloves); Ginger (1 tsp); Lemon juice (2 tbsp); Onion (1); Parsley (1 tbsp); Oil (50ml); Salt (1 tsp)"
Cambodia,Amok Trei,"White fish (500g); Coconut milk (400ml); Kroeung paste (3 tbsp); Egg (1); Fish sauce (2 tbsp); Palm sugar (1 tbsp); Noni leaves (5); Kaffir lime leaves (3); Chili (1); Galangal (1 tsp)"
Cambodia,Kuy Teav,"Rice noodles (400g); Pork bones (500g); Shrimp (100g); Garlic oil (2 tbsp); Bean sprouts (100g); Scallions (2); Star anise (2); Cinnamon (1 stick); Fish sauce (2 tbsp); Cilantro (1/4 cup)"
Cambodia,Lok Lak,"Beef sirloin (500g); Soy sauce (2 tbsp); Oyster sauce (1 tbsp); Lime juice (3 tbsp); Black pepper (1 tsp); Garlic (3 cloves); Sugar (1 tbsp); Lettuce (1 head); Tomato (1); Onion (1)"
Cameroon,Ndolé,"Ndolé leaves (400g); Peanut paste (300g); Beef (300g); Shrimp (200g); Onion (2); Garlic (4 cloves); Ginger (1 tbsp); Palm oil (100ml); Chili pepper (1); Salt (1 tsp)"
Cameroon,Achu Soup,"Cocoyam (1kg); Palm oil (100ml); Limestone/Kanwa (1 tsp); Beef/Skin (300g); Achu spice mix (2 tbsp); Chili (1); Salt (1 tsp)"
Cameroon,Poulet DG,"Chicken (1kg); Plantains (3); Bell peppers (2); Carrots (2); Onion (1); Celery (1); Garlic (3 cloves); Ginger (1 tbsp); Tomato paste (1 tbsp); Oil (100ml)"
Canada,Poutine,"Potatoes (1kg); Cheese curds (200g); Beef stock (500ml); Flour (2 tbsp); Butter (2 tbsp); Black pepper (1/2 tsp); Salt (1 tsp); Oil for frying (1L)"
Canada,Tourtière,"Ground pork (500g); Ground beef (250g); Pie crust (2); Potato (1); Onion (1); Cinnamon (1/2 tsp); Cloves (1/4 tsp); Allspice (1/4 tsp); Garlic (2 cloves); Salt (1 tsp)"
Canada,Split Pea Soup,"Yellow split peas (500g); Ham hock (1); Onion (1); Carrots (2); Celery (1); Thyme (1 tsp); Bay leaf (1); Savory (1/2 tsp); Black pepper (1/2 tsp); Water (2L)"
Cape Verde,Cachupa,"Dry corn (500g); Beans (200g); Pork ribs (200g); Chorizo (1); Cassava (200g); Sweet potato (200g); Cabbage (200g); Onion (1); Garlic (3 cloves); Bay leaf (1)"
Cape Verde,Pastel com diabo dentro,"Tuna (200g); Flour (250g); Boiled potato (100g); Onion (1); Chili pepper (1); Garlic (2 cloves); Parsley (1 tbsp); Salt (1 tsp); Oil (for frying)"
Cape Verde,Modje de Sao Nicolau,"Goat meat (1kg); Potatoes (500g); Yam (200g); Onion (1); Garlic (3 cloves); Tomato paste (1 tbsp); Bay leaf (1); Vinegar (1 tbsp); Salt (1 tsp); Black pepper (1/2 tsp)"
Central African Republic,Kanda,"Ground beef (500g); Pumpkin seeds (200g); Onion (1); Garlic (2 cloves); Parsley (1 tbsp); Chili powder (1/2 tsp); Salt (1 tsp); Oil (2 tbsp)"
Central African Republic,Cassava leaves,"Cassava leaves (500g); Peanut butter (200g); Smoked fish (200g); Onion (1); Garlic (2 cloves); Palm oil (50ml); Chili pepper (1); Salt (1 tsp)"
Central African Republic,Muamba de Galinha,"Chicken (1kg); Palm oil (100ml); Garlic (4 cloves); Onion (1); Chili pepper (1); Okra (10); Squash (200g); Lemon juice (1 tbsp); Salt (1 tsp); Water (500ml)"
Chad,Daraba,"Okra (300g); Sweet potato leaves (200g); Peanut butter (100g); Tomato (2); Onion (1); Eggplant (1); Chili pepper (1); Oil (2 tbsp); Salt (1 tsp)"
Chad,Mararkis,"Meat (500g); Dried okra powder (2 tbsp); Onion (2); Garlic (3 cloves); Tomato paste (2 tbsp); Cinnamon (1/2 tsp); Ginger (1 tsp); Oil (50ml); Salt (1 tsp)"
Chad,Esh,"Millet flour (500g); Water (1L); Salt (1 tsp)"
Chile,Empanada de Pino,"Flour (500g); Ground beef (500g); Onion (3); Cumin (1 tsp); Paprika (1 tbsp); Raisins (12); Black olives (12); Hard-boiled egg (2); Salt (1 tsp); Lard (100g)"
Chile,Pastel de Choclo,"Corn (1kg); Ground beef (500g); Onion (2); Basil (1/2 cup); Chicken breast (200g); Sugar (1 tbsp); Cumin (1 tsp); Olives (10); Raisins (10); Salt (1 tsp)"
Chile,Cazuela,"Chicken pieces (4); Pumpkin (200g); Potatoes (4); Corn on cob (2); Rice (100g); Onion (1); Bell pepper (1); Oregano (1 tsp); Cumin (1/2 tsp); Cilantro (2 tbsp)"
China,Peking Duck,"Whole duck (2kg); Maltose syrup (3 tbsp); Five-spice powder (1 tsp); Ginger (20g); Scallions (4); Hoisin sauce (100ml); Soy sauce (2 tbsp); Shaoxing wine (1 tbsp); Pancakes (12); Cucumber (1)"
China,Mapo Tofu,"Soft tofu (500g); Ground pork (100g); Doubanjiang (2 tbsp); Sichuan peppercorns (1 tsp); Chili oil (2 tbsp); Garlic (3 cloves); Ginger (1 tsp); Soy sauce (1 tbsp); Green onion (2); Cornstarch (1 tsp)"
China,Dim Sum (Siu Mai),"Ground pork (300g); Shrimp (150g); Wonton wrappers (20); Shiitake mushrooms (4); Soy sauce (1 tbsp); Sesame oil (1 tsp); Ginger (1 tsp); White pepper (1/4 tsp); Sugar (1/2 tsp); Cornstarch (1 tsp)"
Colombia,Bandeja Paisa,"Red beans (200g); White rice (200g); Ground beef (200g); Chorizo (1); Fried egg (1); Chicharrón (100g); Avocado (1/2); Arepa (1); Plantain (1); Hogao sauce (2 tbsp)"
Colombia,Ajiaco,"Chicken (500g); Potatoes (3 types, 1kg); Corn (2); Guasca leaves (2 tbsp); Capers (2 tbsp); Heavy cream (100ml); Avocado (1); Onion (1); Garlic (3 cloves); Cilantro (1 tbsp)"
Colombia,Sancocho,"Chicken or Beef (500g); Plantain (2); Cassava (200g); Potato (2); Corn (2); Onion (1); Garlic (3 cloves); Cumin (1 tsp); Cilantro (1/4 cup); Saffron/Achiote (1/2 tsp)"
Comoros,Langouste à la Vanille,"Lobster (1kg); Vanilla beans (2); Butter (50g); Shallots (2); White wine (100ml); Heavy cream (100ml); Salt (1 tsp); White pepper (1/2 tsp)"
Comoros,M'tsolola,"Fish (500g); Green plantains (3); Coconut milk (400ml); Onion (1); Tomato (2); Spinach (100g); Cloves (1/2 tsp); Salt (1 tsp)"
Comoros,Pilaou,"Basmati rice (500g); Meat (500g); Cardamom (5); Cloves (5); Cinnamon (1 stick); Black peppercorns (10); Cumin (1 tsp); Ginger (1 tbsp); Garlic (3 cloves); Onion (2)"
Congo (DRC),Poulet à la Moambe,"Chicken (1kg); Palm butter (200g); Onion (1); Garlic (3 cloves); Chili pepper (1); Salt (1 tsp); Water (500ml)"
Congo (DRC),Fufu,"Cassava flour (500g); Green plantain flour (200g); Water (1L)"
Congo (DRC),Chikwangue,"Cassava (1kg); Water (for soaking); Banana leaves (for wrapping)"
Costa Rica,Gallo Pinto,"Rice (400g); Black beans (300g); Salsa Lizano (3 tbsp); Onion (1); Bell pepper (1); Garlic (2 cloves); Cilantro (2 tbsp); Cumin (1/2 tsp); Salt (1 tsp); Oil (2 tbsp)"
Costa Rica,Casado,"Rice (200g); Black beans (200g); Fried plantain (1); Cabbage salad (100g); Beef/Chicken (200g); Fried egg (1); Tortilla (1); Onion (1); Garlic (2 cloves); Salt (1 tsp)"
Costa Rica,Chifrijo,"Chicharrón (200g); Rice (200g); Red beans (200g); Pico de gallo (100g); Avocado (1/2); Lime juice (2 tbsp); Cilantro (1 tbsp); Cumin (1/2 tsp); Salt (1 tsp); Tortilla chips (50g)"
Croatia,Peka,"Lamb or Veal (1.5kg); Potatoes (1kg); Carrots (2); Onion (1); Garlic (3 cloves); Rosemary (2 sprigs); White wine (100ml); Olive oil (50ml); Salt (2 tsp); Black pepper (1 tsp)"
Croatia,Crni Rižot,"Cuttlefish (500g); Squid ink (1 tsp); Arborio rice (300g); Garlic (3 cloves); Onion (1); White wine (150ml); Fish stock (1L); Parsley (1/4 cup); Olive oil (50ml); Salt (1 tsp)"
Croatia,Brudet,"Mixed sea fish (1kg); Onion (2); Garlic (4 cloves); Tomato puree (200ml); White wine (100ml); Vinegar (1 tbsp); Parsley (2 tbsp); Bay leaf (1); Olive oil (50ml); Salt (1 tsp)"
Cuba,Ropa Vieja,"Flank steak (1kg); Bell pepper (1); Onion (1); Garlic (4 cloves); Tomato paste (3 tbsp); Cumin (1 tsp); Oregano (1 tsp); Bay leaf (1); Beef stock (250ml); Olive oil (2 tbsp)"
Cuba,Moros y Cristianos,"Black beans (200g); White rice (400g); Bacon (50g); Bell pepper (1); Onion (1); Garlic (3 cloves); Cumin (1 tsp); Oregano (1 tsp); Bay leaf (1); Salt (1 tsp)"
Cuba,Lechon Asado,"Pork shoulder (2kg); Sour orange juice (500ml); Garlic (10 cloves); Oregano (2 tbsp); Cumin (1 tbsp); Onion (1); Salt (2 tsp); Black pepper (1 tsp); Olive oil (50ml); Bay leaf (2)"
Cyprus,Halloumi,"Halloumi cheese (250g); Dried mint (1 tsp); Lemon (1); Olive oil (1 tbsp)"
Cyprus,Souvla,"Pork or Lamb (1.5kg); Oregano (2 tbsp); Salt (2 tsp); Black pepper (1 tsp); Olive oil (50ml)"
Cyprus,Kleftiko,"Lamb shanks (4); Potatoes (1kg); Garlic (4 cloves); Bay leaf (4); Oregano (1 tbsp); Cinnamon (1/2 tsp); Lemon juice (3 tbsp); Olive oil (50ml); Salt (2 tsp); Black pepper (1 tsp)"
Czech Republic,Vepřo Knedlo Zelo,"Pork roast (1kg); Cabbage (500g); Flour (300g); Milk (200ml); Egg (1); Onion (2); Caraway seeds (1 tsp); Garlic (3 cloves); Vinegar (2 tbsp); Salt (2 tsp)"
Czech Republic,Svíčková,"Beef sirloin (1kg); Carrots (2); Parsnip (1); Celery root (100g); Onion (1); Heavy cream (250ml); Lemon (1); Allspice (5); Thyme (1 tsp); Bay leaf (2)"
Czech Republic,Guláš,"Beef (800g); Onion (800g); Paprika (3 tbsp); Marjoram (1 tsp); Garlic (3 cloves); Caraway seeds (1/2 tsp); Tomato paste (1 tbsp); Beef stock (500ml); Lard (50g); Salt (1 tsp)"
Denmark,Smørrebrød,"Rye bread (4 slices); Butter (30g); Pickled herring (4); Remoulade (2 tbsp); Red onion (1); Dill (2 tbsp); Hard-boiled egg (1); Capers (1 tbsp); Salt (1/2 tsp); Pepper (1/4 tsp)"
Denmark,Stegt Flæsk,"Pork belly slices (500g); Potatoes (1kg); Flour (2 tbsp); Milk (300ml); Butter (30g); Parsley (1 bunch); Salt (1 tsp); Black pepper (1/2 tsp)"
Denmark,Frikadeller,"Ground pork (500g); Onion (1); Egg (1); Milk (50ml); Flour (50g); Breadcrumbs (50g); Salt (1 tsp); Black pepper (1/2 tsp); Butter (50g); Allspice (1/4 tsp)"
Djibouti,Skoudehkaris,"Basmati rice (500g); Lamb (500g); Tomato puree (200ml); Cardamom (5); Cinnamon (1 stick); Cloves (3); Cumin (1 tsp); Onion (2); Garlic (3 cloves); Cilantro (1/4 cup)"
Djibouti,Fah-fah,"Beef or Goat (1kg); Cabbage (200g); Potatoes (2); Carrots (2); Green chili (1); Garlic (3 cloves); Ginger (1 tsp); Cilantro (1/4 cup); Salt (2 tsp)"
Djibouti,Laxoox,"Sorghum flour (300g); Wheat flour (200g); Yeast (1 tsp); Water (700ml); Salt (1/2 tsp); Ghee (for serving)"
Dominica,Callaloo Soup,"Callaloo/Dasheen leaves (500g); Coconut milk (400ml); Salt meat (200g); Crab/Shrimp (200g); Onion (1); Garlic (3 cloves); Thyme (2 sprigs); Scallions (2); Black pepper (1/2 tsp); Salt (1 tsp)"
Dominica,Mountain Chicken,"Frog legs (8); Lime juice (3 tbsp); Flour (100g); Garlic (3 cloves); Thyme (1 tsp); Black pepper (1/2 tsp); Salt (1 tsp); Oil (for frying)"
Dominica,Sancoche,"Fish (500g); Coconut milk (400ml); Yam (200g); Pumpkin (200g); Plantain (1); Turmeric (1 tsp); Onion (1); Garlic (3 cloves); Thyme (1 tsp); Chives (2 tbsp)"
Dominican Republic,La Bandera,"White rice (400g); Red beans (300g); Beef/Chicken stew (400g); Onion (1); Bell pepper (1); Tomato paste (2 tbsp); Garlic (3 cloves); Oregano (1 tsp); Cilantro (2 tbsp); Salt (1 tsp)"
Dominican Republic,Mangú,"Green plantains (4); Red onion (1); Vinegar (2 tbsp); Butter (30g); Salt (1 tsp); Water (for boiling)"
Dominican Republic,Sancocho,"Beef (200g); Pork (200g); Chicken (200g); Pumpkin (200g); Plantain (2); Cassava (200g); Corn (2); Garlic (4 cloves); Cilantro (1/4 cup); Oregano (1 tsp)"
Ecuador,Cuy Chactado,"Guinea pig (1); Garlic (4 cloves); Cumin (1 tsp); Salt (1 tsp); Flour (50g); Oil (500ml); Aji pepper (1); Lemon (1)"
Ecuador,Ceviche de Camaron,"Shrimp (500g); Lime juice (200ml); Orange juice (100ml); Tomato sauce (100ml); Red onion (1); Cilantro (1/2 cup); Salt (1 tsp); Mustard (1 tsp); Oil (1 tbsp); Popcorn/Chulpi (for serving)"
Ecuador,Encebollado,"Albacore tuna (500g); Cassava (500g); Red onion (2); Tomatoes (2); Cilantro (1/2 cup); Cumin (1 tsp); Chili powder (1 tsp); Salt (1 tsp); Lime (2); Water (2L)"
Egypt,Kushari,"Rice (200g); Lentils (200g); Macaroni (200g); Chickpeas (100g); Tomato sauce (200ml); Vinegar (2 tbsp); Garlic (4 cloves); Cumin (1 tsp); Fried onions (100g); Chili flakes (1/2 tsp)"
Egypt,Ful Medames,"Fava beans (500g); Olive oil (50ml); Lemon juice (3 tbsp); Garlic (3 cloves); Cumin (1 tsp); Parsley (2 tbsp); Salt (1 tsp); Tahini (2 tbsp)"
Egypt,Molokhia,"Molokhia leaves (500g); Chicken broth (1L); Garlic (6 cloves); Dried coriander (1 tbsp); Butter (30g); Salt (1 tsp); Black pepper (1/4 tsp)"
El Salvador,Pupusas,"Masa harina (500g); Water (400ml); Refried beans (200g); Mozzarella cheese (200g); Chicharrón (100g); Salt (1 tsp)"
El Salvador,Yuca con Chicharrón,"Cassava/Yuca (1kg); Pork belly (500g); Cabbage (200g); Vinegar (50ml); Oregano (1 tsp); Salt (1 tsp); Tomato sauce (100ml); Garlic (2 cloves)"
El Salvador,Pane con Pavo,"Turkey (1kg); French bread (4); Tomato (4); Cucumber (1); Radish (4); Watercress (1 bunch); Onion (1); Garlic (3 cloves); Cumin (1/2 tsp); Chili powder (1/2 tsp)"
Equatorial Guinea,Pepe Soup,"Fish or Meat (1kg); Njansang seeds (2 tbsp); Garlic (3 cloves); Ginger (1 tsp); Chili pepper (2); Onion (1); Salt (1 tsp); Water (1.5L)"
Equatorial Guinea,Succotash,"Corn (250g); Lima beans (250g); Butter (30g); Heavy cream (50ml); Salt (1 tsp); Black pepper (1/2 tsp)"
Equatorial Guinea,Chicken with Peanut Sauce,"Chicken (1kg); Peanut butter (200g); Tomato paste (2 tbsp); Onion (1); Garlic (3 cloves); Chili pepper (1); Oil (3 tbsp); Salt (1 tsp)"
Eritrea,Zigni,"Beef or Lamb (1kg); Berbere spice (4 tbsp); Niter Kibbeh/Butter (100g); Onion (4); Tomato paste (3 tbsp); Garlic (4 cloves); Ginger (1 tbsp); Salt (1 tsp)"
Eritrea,Injera,"Teff flour (500g); Water (700ml); Salt (1/2 tsp)"
Eritrea,Kitcha Fit-fit,"Kitcha flatbread (2); Niter Kibbeh/Butter (50g); Berbere spice (2 tbsp); Plain yogurt (100g)"
Estonia,Mulgipuder,"Potatoes (1kg); Barley groats (150g); Bacon (200g); Onion (2); Butter (50g); Milk (100ml); Salt (1 tsp)"
Estonia,Verivorst,"Barley (200g); Pork blood (500ml); Pork belly (200g); Onion (1); Marjoram (1 tsp); Allspice (1/2 tsp); Salt (1 tsp); Sausage casing"
Estonia,Rosolje,"Herring (200g); Beetroot (300g); Potatoes (300g); Pickles (2); Apple (1); Sour cream (150g); Mustard (1 tsp); Dill (1 tbsp); Salt (1/2 tsp); Hard-boiled egg (2)"
Eswatini,Sishwala,"Maize meal (500g); Dried beans (200g); Salt (1 tsp); Water (1L)"
Eswatini,Incwancwa,"Sorghum meal (500g); Water (1L); Salt (1 tsp)"
Eswatini,Umcombotsi,"Sorghum (1kg); Maize meal (1kg); Sugar (200g); Yeast (10g); Water (5L)"
Ethiopia,Doro Wat,"Chicken drumsticks (1kg); Berbere spice (5 tbsp); Niter Kibbeh (100g); Onion (1kg); Hard-boiled eggs (6); Garlic (4 cloves); Ginger (1 tbsp); Lemon juice (2 tbsp); Salt (1 tsp)"
Ethiopia,Kitfo,"Lean ground beef (500g); Mitmita spice (2 tbsp); Niter Kibbeh (100g); Salt (1/2 tsp)"
Ethiopia,Beyaynetu,"Injera (4); Red lentil stew (200g); Yellow pea stew (200g); Shiro/Chickpea stew (200g); Collard greens (200g); Cabbage (200g); Beetroot salad (100g); Garlic (4 cloves); Ginger (1 tbsp); Berbere (2 tbsp)"
Fiji,Kokoda,"White fish (500g); Lime juice (200ml); Coconut cream (250ml); Red onion (1); Chili pepper (2); Tomato (1); Cucumber (1); Cilantro (2 tbsp); Salt (1 tsp)"
Fiji,Lovo,"Pork or Chicken (1kg); Fish (500g); Cassava (500g); Taro (500g); Coconut milk (400ml); Garlic (4 cloves); Ginger (1 tbsp); Salt (2 tsp); Banana leaves (for wrapping)"
Fiji,Cassava chips,"Cassava (1kg); Salt (1 tsp); Oil for frying (1L)"
Finland,Karjalanpiirakka,"Rye flour (250g); Wheat flour (50g); Rice (200g); Milk (1L); Butter (100g); Eggs (4); Salt (1.5 tsp)"
Finland,Poronkäristys,"Reindeer meat (1kg); Butter (100g); Beer (200ml); Onion (1); Salt (1 tsp); Black pepper (1/2 tsp); Lingonberry jam (100g); Mashed potatoes (500g)"
Finland,Kalakukko,"Rye flour (500g); Small fish/Vendace (1kg); Pork fat (200g); Butter (100g); Salt (2 tsp); Water (300ml)"
France,Coq au Vin,"Chicken (1.5kg); Red wine (750ml); Bacon lardons (150g); Mushrooms (200g); Pearl onions (10); Garlic (3 cloves); Thyme (2 sprigs); Bay leaf (1); Butter (50g); Flour (2 tbsp)"
France,Boeuf Bourguignon,"Beef chuck (1kg); Red wine (750ml); Carrots (2); Onion (1); Garlic (3 cloves); Thyme (2 sprigs); Bay leaf (1); Butter (50g); Mushrooms (200g); Bacon (100g)"
France,Ratatouille,"Eggplant (1); Zucchini (2); Bell peppers (2); Tomatoes (3); Onion (1); Garlic (4 cloves); Herbes de Provence (1 tbsp); Olive oil (50ml); Salt (1 tsp); Black pepper (1/2 tsp)"
Gabon,Nyembwe Chicken,"Chicken (1kg); Palm nut butter (200g); Garlic (3 cloves); Onion (1); Chili pepper (1); Salt (1 tsp); Water (500ml)"
Gabon,Manioc,"Cassava roots (1kg); Water (for soaking)"
Gabon,Grilled Fish,"Whole snapper (1kg); Garlic (3 cloves); Ginger (1 tsp); Lemon (1); Chili powder (1/2 tsp); Oil (2 tbsp); Salt (1 tsp); Parsley (1 tbsp)"
Gambia,Domoda,"Peanut butter (250g); Beef or Chicken (500g); Tomato paste (2 tbsp); Onion (2); Garlic (3 cloves); Chili pepper (1); Lemon juice (2 tbsp); Salt (1 tsp); Water (1L)"
Gambia,Benachin,"Rice (500g); Chicken or Fish (500g); Tomato paste (3 tbsp); Onion (2); Bell pepper (1); Eggplant (1); Cabbage (200g); Ginger (1 tsp); Chili (1); Oil (100ml)"
Gambia,Yassa,"Chicken (1kg); Onion (4); Lemon juice (150ml); Mustard (2 tbsp); Garlic (4 cloves); Chili pepper (1); Oil (50ml); Black pepper (1 tsp); Salt (1 tsp)"
Georgia,Khachapuri,"Flour (500g); Sulguni cheese (500g); Imeretian cheese (200g); Yeast (1 tsp); Egg (2); Yogurt/Matsoni (200ml); Butter (50g); Salt (1 tsp)"
Georgia,Khinkali,"Flour (500g); Ground beef/pork (500g); Cumin (1 tsp); Black pepper (1 tsp); Cilantro (2 tbsp); Onion (1); Salt (2 tsp); Water (300ml)"
Georgia,Pkhali,"Spinach (500g); Walnuts (200g); Garlic (3 cloves); Cilantro (1/2 cup); Fenugreek (1 tsp); Marigold (1 tsp); Pomegranate seeds (50g); Vinegar (2 tbsp); Salt (1 tsp)"
Germany,Sauerbraten,"Beef roast (1.5kg); Red wine vinegar (250ml); Red wine (250ml); Onion (2); Cloves (5); Juniper berries (5); Peppercorns (5); Bay leaf (2); Gingersnaps (4); Salt (2 tsp)"
Germany,Currywurst,"Bratwurst (4); Ketchup (200ml); Curry powder (2 tbsp); Paprika (1 tsp); Onion powder (1/2 tsp); Worcestershire sauce (1 tsp)"
Germany,Rouladen,"Beef top round (4 slices); Mustard (4 tbsp); Bacon (4 strips); Pickles (4); Onion (1); Beef stock (500ml); Red wine (100ml); Thyme (1/2 tsp); Salt (1 tsp); Pepper (1/2 tsp)"
Ghana,Jollof Rice,"Basmati rice (500g); Chicken (500g); Tomato paste (3 tbsp); Onion (2); Ginger (1 tbsp); Garlic (3 cloves); Scotch bonnet (1); Thyme (1 tsp); Curry powder (1 tsp); Oil (100ml)"
Ghana,Fufu with Light Soup,"Cassava (500g); Plantain (500g); Chicken/Goat (500g); Tomatoes (3); Onion (1); Ginger (1 tbsp); Garlic (2 cloves); Chili pepper (1); Salt (1 tsp)"
Ghana,Waakye,"Rice (400g); Black-eyed peas (200g); Waakye leaves (4); Salt (1 tsp); Shito sauce (2 tbsp)"
Greece,Moussaka,"Eggplant (2); Ground lamb (500g); Potatoes (2); Onion (1); Garlic (3 cloves); Cinnamon (1/2 tsp); Tomato puree (200ml); Milk (500ml); Butter (50g); Flour (50g)"
Greece,Souvla,"Pork shoulder (1.5kg); Oregano (2 tbsp); Salt (2 tsp); Black pepper (1 tsp); Olive oil (50ml); Lemon (2)"
Greece,Pastitsio,"Macaroni (500g); Ground beef (500g); Onion (1); Tomato paste (2 tbsp); Cinnamon (1/2 tsp); Milk (750ml); Butter (75g); Flour (75g); Egg yolks (2); Nutmeg (1/4 tsp)"
Grenada,Oil Down,"Breadfruit (1); Salted meat (500g); Chicken (500g); Coconut milk (1L); Turmeric (2 tbsp); Onion (1); Garlic (3 cloves); Chives (2 tbsp); Thyme (1 tbsp); Flour dumplings (8)"
Grenada,Pelau,"Chicken (500g); Rice (400g); Pigeon peas (200g); Brown sugar (2 tbsp); Coconut milk (400ml); Onion (1); Garlic (3 cloves); Thyme (1 tsp); Carrots (1); Salt (1 tsp)"
Grenada,Roti,"Flour (500g); Split peas (100g); Cumin (1 tsp); Turmeric (1 tsp); Chicken curry (500g); Potatoes (200g); Garlic (3 cloves); Onion (1); Oil (50ml); Salt (1 tsp)"
Guatemala,Pepián,"Chicken (1kg); Sesame seeds (3 tbsp); Pumpkin seeds (3 tbsp); Guajillo chili (2); Tomatoes (3); Onion (1); Cinnamon (1/2 stick); Cilantro (1/4 cup); Potatoes (2); Salt (1 tsp)"
Guatemala,Kak'ik,"Turkey (1kg); Coban chili (2); Garlic (5 cloves); Onion (1); Tomatoes (4); Cilantro (1/2 cup); Mint (1/4 cup); Cloves (2); Allspice (2); Salt (2 tsp)"
Guatemala,Chiles Rellenos,"Poblano chilies (6); Ground beef (300g); Onion (1); Garlic (2 cloves); Carrots (2); Green beans (100g); Eggs (4); Flour (50g); Tomato sauce (200ml); Oregano (1/2 tsp)"
Guinea,Poulet Yassa,"Chicken (1kg); Onion (5); Lemon juice (200ml); Mustard (2 tbsp); Garlic (4 cloves); Chili pepper (1); Oil (50ml); Black pepper (1 tsp); Salt (1 tsp); Thyme (1 tsp)"
Guinea,Fufu,"Cassava (1kg); Water (for boiling)"
Guinea,Riz Gras,"Rice (500g); Meat (500g); Tomato paste (3 tbsp); Onion (2); Garlic (3 cloves); Chili pepper (1); Oil (100ml); Salt (1 tsp); Maggi cube (1)"
Guyana,Pepperpot,"Beef (1kg); Cassareep (100ml); Cinnamon (2 sticks); Cloves (4); Brown sugar (2 tbsp); Onion (1); Garlic (4 cloves); Scotch bonnet (2); Thyme (3 sprigs); Salt (2 tsp)"
Guyana,Cook-up Rice,"Rice (400g); Black-eyed peas (200g); Chicken/Salt meat (500g); Coconut milk (400ml); Onion (1); Garlic (3 cloves); Thyme (2 sprigs); Scallions (2); Salt (1 tsp); Black pepper (1/2 tsp)"
Guyana,Metemgee,"Cassava (200g); Plantain (1); Yam (200g); Sweet potato (200g); Salt fish (200g); Coconut milk (500ml); Onion (1); Garlic (3 cloves); Thyme (1 tsp); Flour dumplings (6)"
Haiti,Griot,"Pork shoulder (1kg); Sour orange juice (250ml); Lime juice (50ml); Thyme (2 sprigs); Parsley (1/4 cup); Garlic (5 cloves); Scotch bonnet (1); Onion (1); Cloves (3); Salt (2 tsp)"
Haiti,Diriz ak Djon Djon,"Rice (500g); Djon Djon mushrooms (50g); Lima beans (200g); Garlic (3 cloves); Thyme (1 tsp); Onion (1); Cloves (2); Salt (1 tsp); Oil (3 tbsp); Scotch bonnet (1)"
Haiti,Soup Joumou,"Pumpkin/Squash (1kg); Beef (500g); Cabbage (200g); Potatoes (2); Carrots (2); Celery (1); Onion (1); Garlic (3 cloves); Thyme (1 tsp); Lime juice (2 tbsp)"
Honduras,Baleadas,"Flour tortillas (4); Refried beans (200g); Mantequilla/Sour cream (100g); Queso duro (50g); Avocado (1); Eggs (2); Salt (1/2 tsp)"
Honduras,Sopa de Caracol,"Conch meat (500g); Coconut milk (400ml); Cassava (200g); Plantain (1); Bell pepper (1); Onion (1); Garlic (3 cloves); Cilantro (1/2 cup); Cumin (1/2 tsp); Saffron (1/4 tsp)"
Honduras,Carne Asada,"Beef steak (500g); Lime juice (50ml); Garlic (3 cloves); Cumin (1 tsp); Oregano (1 tsp); Salt (1 tsp); Pepper (1/2 tsp); Onion (1); Bell pepper (1); Oil (2 tbsp)"
Hungary,Goulash,"Beef chuck (1kg); Onions (3); Paprika (4 tbsp); Caraway seeds (1 tsp); Garlic (3 cloves); Potatoes (4); Carrots (2); Bell pepper (1); Tomato (1); Beef stock (1L)"
Hungary,Chicken Paprikash,"Chicken drumsticks (1kg); Onion (2); Paprika (3 tbsp); Sour cream (200ml); Flour (1 tbsp); Garlic (2 cloves); Bell pepper (1); Tomato (1); Chicken stock (250ml); Lard (30g)"
Hungary,Lángos,"Flour (500g); Yeast (1 tsp); Milk (300ml); Salt (1 tsp); Sugar (1 tsp); Oil for frying (1L); Garlic (2 cloves); Sour cream (100g); Grated cheese (100g)"
Iceland,Hákarl,"Fermented shark (200g)"
Iceland,Plokkfiskur,"Cod fillets (500g); Potatoes (500g); Milk (400ml); Flour (3 tbsp); Butter (50g); Onion (1); Chives (1 tbsp); Salt (1 tsp); White pepper (1/2 tsp); Cheese (50g)"
Iceland,Hangikjöt,"Smoked lamb (1kg); Potatoes (1kg); Milk (500ml); Flour (2 tbsp); Butter (2 tbsp); Peas (200g); Sugar (1 tsp); Salt (1 tsp); Nutmeg (1/4 tsp)"
India,Butter Chicken,"Chicken (800g); Tomato puree (400ml); Heavy cream (150ml); Butter (50g); Ginger-garlic paste (2 tbsp); Garam masala (1 tbsp); Turmeric (1 tsp); Chili powder (1 tsp); Kasuri methi (1 tsp); Honey (1 tbsp)"
India,Chicken Biryani,"Basmati rice (500g); Chicken (500g); Yogurt (200g); Onions (3); Ghee (100g); Mint (1/2 cup); Saffron (pinch); Biryani spice mix (3 tbsp); Ginger-garlic paste (2 tbsp); Salt (2 tsp)"
India,Masala Dosa,"Rice/Lentil batter (1L); Potatoes (500g); Onion (2); Mustard seeds (1 tsp); Turmeric (1/2 tsp); Curry leaves (10); Ginger (1 tsp); Green chili (2); Cilantro (2 tbsp); Salt (1 tsp)"
Indonesia,Nasi Goreng,"Cooked rice (400g); Kecap manis (3 tbsp); Shrimp paste (1 tsp); Garlic (3 cloves); Shallots (4); Chili (2); Chicken (100g); Egg (2); Salt (1 tsp); Oil (2 tbsp)"
Indonesia,Rendang,"Beef (1kg); Coconut milk (1L); Lemongrass (2); Galangal (50g); Turmeric leaf (1); Chilies (10); Shallots (6); Garlic (4 cloves); Ginger (30g); Salt (1 tsp)"
Indonesia,Satay Ayam,"Chicken thigh (500g); Peanut butter (200g); Kecap manis (4 tbsp); Coconut milk (100ml); Turmeric (1 tsp); Coriander (1 tsp); Cumin (1/2 tsp); Garlic (3 cloves); Shallots (4); Lime (1)"
Iran,Chelow Kebab,"Ground beef/lamb (1kg); Basmati rice (500g); Saffron (pinch); Onion (2); Butter (50g); Sumac (1 tbsp); Turmeric (1/2 tsp); Salt (2 tsp); Black pepper (1 tsp); Tomato (4)"
Iran,Ghormeh Sabzi,"Lamb (500g); Kidneys beans (200g); Dried limes (4); Parsley (200g); Cilantro (200g); Fenugreek (50g); Leeks (100g); Onion (1); Turmeric (1 tsp); Salt (1 tsp)"
Iran,Fesenjan,"Chicken (1kg); Walnuts (300g); Pomegranate molasses (200ml); Onion (2); Cinnamon (1/2 tsp); Sugar (2 tbsp); Turmeric (1 tsp); Salt (1 tsp); Saffron (pinch); Oil (2 tbsp)"
Iraq,Masgouf,"Whole Carp (2kg); Olive oil (50ml); Tamarind paste (2 tbsp); Turmeric (1 tsp); Garlic (4 cloves); Onion (1); Tomatoes (2); Curry powder (1/2 tsp); Salt (1 tsp); Lemon (1)"
Iraq,Dolma,"Grape leaves (40); Ground meat (500g); Rice (200g); Onion (3); Tomato paste (3 tbsp); Pomegranate molasses (3 tbsp); Allspice (1 tsp); Cumin (1/2 tsp); Garlic (4 cloves); Salt (1 tsp)"
Iraq,Quzi,"Whole lamb (small) or leg (2kg); Rice (1kg); Raisins (100g); Almonds (100g); Cinnamon (1 tbsp); Cardamom (1 tsp); Cloves (1/2 tsp); Allspice (1 tsp); Onion (2); Salt (2 tsp)"
Ireland,Irish Stew,"Lamb shoulder (1kg); Potatoes (1kg); Carrots (3); Onions (3); Thyme (2 sprigs); Parsley (1/4 cup); Beef stock (1L); Salt (1.5 tsp); Black pepper (1 tsp); Barley (50g)"
Ireland,Boxty,"Potatoes (500g); Flour (200g); Baking soda (1 tsp); Buttermilk (250ml); Egg (1); Salt (1 tsp); Black pepper (1/2 tsp); Butter (50g)"
Ireland,Coddle,"Pork sausages (8); Bacon rashers (4); Potatoes (4); Onions (2); Parsley (1/4 cup); Beef stock (500ml); Salt (1/2 tsp); Black pepper (1 tsp)"
Israel,Falafel,"Dried chickpeas (500g); Parsley (1 cup); Cilantro (1 cup); Garlic (4 cloves); Cumin (1 tbsp); Coriander (1 tbsp); Onion (1); Baking soda (1 tsp); Salt (1.5 tsp); Oil for frying (1L)"
Israel,Shakshuka,"Eggs (6); Tomatoes (800g); Bell pepper (1); Onion (1); Garlic (3 cloves); Paprika (1 tbsp); Cumin (1 tsp); Chili flakes (1/2 tsp); Olive oil (3 tbsp); Parsley (2 tbsp)"
Israel,Hummus,"Chickpeas (400g); Tahini (150g); Lemon juice (50ml); Garlic (2 cloves); Cumin (1/2 tsp); Olive oil (30ml); Salt (1 tsp); Water (50ml); Paprika (pinch); Parsley (1 tbsp)"
Italy,Pizza Margherita,"Pizza dough (250g); San Marzano tomatoes (100g); Mozzarella (100g); Fresh basil (5 leaves); Extra virgin olive oil (1 tbsp); Salt (pinch)"
Italy,Lasagna alla Bolognese,"Lasagna sheets (250g); Ground beef (300g); Ground pork (150g); Tomato puree (500ml); Milk (500ml); Butter (50g); Flour (50g); Parmigiano (100g); Onion (1); Nutmeg (pinch)"
Italy,Pasta Carbonara,"Spaghetti (200g); Guanciale (100g); Pecorino Romano (50g); Egg yolks (3); Black pepper (1 tsp)"
Jamaica,Jerk Chicken,"Chicken (1kg); Allspice (2 tbsp); Thyme (3 sprigs); Scotch bonnet (2); Scallions (4); Ginger (20g); Garlic (4 cloves); Cinnamon (1/2 tsp); Nutmeg (1/2 tsp); Soy sauce (50ml)"
Jamaica,Ackee and Saltfish,"Salted cod (250g); Ackee (500g); Onion (1); Scotch bonnet (1); Bell pepper (1); Thyme (1 tsp); Black pepper (1 tsp); Tomato (1); Scallions (2); Garlic (2 cloves)"
Jamaica,Curry Goat,"Goat meat (1kg); Curry powder (4 tbsp); Potatoes (300g); Ginger (20g); Garlic (4 cloves); Thyme (1 tbsp); Scotch bonnet (1); Onion (1); Coconut milk (200ml); Salt (1 tsp)"
Japan,Sushi (Nigiri),"Sushi rice (300g); Rice vinegar (2 tbsp); Sugar (1 tbsp); Raw fish (200g); Wasabi (1 tsp); Soy sauce (30ml); Ginger (20g); Salt (1 tsp); Nori (1 sheet)"
Japan,Ramen,"Ramen noodles (2 servings); Pork broth (1L); Soy sauce (2 tbsp); Chashu pork (4 slices); Soft-boiled egg (2); Nori (2 sheets); Green onion (2); Menma (30g); Garlic (1 tsp); Ginger (1 tsp)"
Japan,Tempura,"Shrimp (8); Sweet potato (1); Ice water (200ml); Cake flour (150g); Egg (1); Frying oil (500ml); Dashi stock (100ml); Soy sauce (1 tbsp); Mirin (1 tbsp); Ginger (1 tsp)"
Jordan,Mansaf,"Lamb (1kg); Jameed/Dry yogurt (250g); Basmati rice (500g); Shrak flatbread (2); Turmeric (1 tsp); Allspice (1/2 tsp); Cinnamon (1/2 tsp); Pine nuts (30g); Almonds (30g); Ghee (50g)"
Jordan,Maqluba,"Chicken (1kg); Basmati rice (500g); Eggplant (1); Cauliflower (1/2); Potatoes (2); Turmeric (1 tsp); Allspice (1 tsp); Cinnamon (1/2 tsp); Garlic (4 cloves); Onion (1)"
Jordan,Musakhan,"Chicken (1kg); Sumac (4 tbsp); Red onion (1kg); Taboon bread (4); Pine nuts (50g); Olive oil (200ml); Allspice (1 tsp); Cinnamon (1/2 tsp); Black pepper (1/2 tsp); Salt (1 tsp)"
Kazakhstan,Beshbarmak,"Lamb or Beef (1kg); Flat noodles (300g); Onion (3); Black pepper (1 tsp); Salt (2 tsp); Parsley (1 tbsp); Beef broth (500ml)"
Kazakhstan,Baursak,"Flour (500g); Milk (250ml); Yeast (1 tsp); Butter (50g); Sugar (1 tbsp); Salt (1 tsp); Egg (1); Oil for frying (1L)"
Kazakhstan,Kuyrdak,"Lamb heart/liver/kidney (1kg); Potatoes (500g); Onion (3); Garlic (3 cloves); Black pepper (1 tsp); Salt (1 tsp); Oil (50ml)"
Kenya,Nyama Choma,"Goat meat or Beef (1kg); Salt (2 tbsp); Garlic (3 cloves); Ginger (1 tsp); Lemon juice (2 tbsp)"
Kenya,Ugali,"Maize flour (500g); Water (1L); Salt (1/2 tsp)"
Kenya,Sukuma Wiki,"Collard greens (500g); Tomatoes (2); Onion (1); Garlic (2 cloves); Cumin (1/2 tsp); Turmeric (1/4 tsp); Oil (2 tbsp); Salt (1 tsp)"
Korea (South),Bibimbap,"Rice (200g); Beef (100g); Spinach (100g); Bean sprouts (100g); Carrots (1); Shiitake (4); Egg (1); Gochujang (2 tbsp); Sesame oil (1 tbsp); Garlic (1 tsp)"
Korea (South),Kimchi Jjigae,"Kimchi (300g); Pork belly (150g); Tofu (200g); Gochugaru (1 tbsp); Garlic (1 tsp); Green onion (2); Ginger (1/2 tsp); Soy sauce (1 tbsp); Sesame oil (1 tsp); Water (500ml)"
Korea (South),Bulgogi,"Beef ribeye (500g); Soy sauce (4 tbsp); Sugar (2 tbsp); Pear juice (3 tbsp); Sesame oil (1 tbsp); Garlic (3 cloves); Ginger (1 tsp); Green onion (2); Black pepper (1/2 tsp); Sesame seeds (1 tsp)"
Kuwait,Machboos,"Chicken (1kg); Basmati rice (500g); Baharat (1 tbsp); Dried lime (2); Turmeric (1 tsp); Cardamom (5); Cloves (3); Cinnamon (1 stick); Onion (2); Garlic (3 cloves)"
Kuwait,Mutabbaq Samak,"White fish (1kg); Rice (500g); Baharat (1 tbsp); Turmeric (1 tsp); Garlic (4 cloves); Onion (2); Cilantro (1/2 cup); Dried lime (1); Black pepper (1/2 tsp); Salt (1 tsp)"
Kuwait,Jareesh,"Crushed wheat (500g); Chicken (500g); Yogurt (400ml); Onion (2); Cumin (1 tsp); Cinnamon (1/2 tsp); Ghee (50g); Salt (1 tsp)"
Kyrgyzstan,Beshbarmak,"Lamb (1kg); Pasta sheets (300g); Onion (2); Black pepper (1 tsp); Salt (1 tsp); Parsley (1 tbsp)"
Kyrgyzstan,Lagman,"Beef (500g); Hand-pulled noodles (500g); Bell pepper (2); Radish (1); Garlic (4 cloves); Ginger (1 tsp); Tomato paste (2 tbsp); Cumin (1 tsp); Star anise (1); Cilantro (2 tbsp)"
Kyrgyzstan,Shorpo,"Lamb (1kg); Potatoes (3); Carrots (2); Onion (1); Bell pepper (1); Garlic (2 cloves); Dill (1 tbsp); Parsley (1 tbsp); Salt (2 tsp); Peppercorns (5)"
Laos,Larb,"Ground chicken/beef (500g); Toasted rice powder (2 tbsp); Fish sauce (3 tbsp); Lime juice (3 tbsp); Mint (1/2 cup); Cilantro (1/2 cup); Scallions (2); Chili flakes (1 tbsp); Garlic (2 cloves); Galangal (1 tsp)"
Laos,Tam Mak Hoong,"Green papaya (500g); Bird's eye chili (4); Garlic (3 cloves); Fish sauce (2 tbsp); Lime juice (2 tbsp); Palm sugar (1 tbsp); Tomatoes (3); Shrimp paste (1 tsp); Peanuts (2 tbsp); Salt (1/2 tsp)"
Laos,Khao Piak Sen,"Rice noodles (400g); Chicken (500g); Galangal (1 tsp); Lemongrass (1); Kaffir lime leaves (2); Fish sauce (2 tbsp); Fried garlic (1 tbsp); Scallions (2); Cilantro (1/4 cup); Ginger (1 tsp)"
Latvia,Grey Peas with Bacon,"Grey peas (500g); Smoked bacon (200g); Onion (2); Salt (1 tsp); Black pepper (1/2 tsp); Kefir (for serving)"
Latvia,Kartupeļu pankūkas,"Potatoes (1kg); Onion (1); Egg (1); Flour (2 tbsp); Salt (1 tsp); Black pepper (1/4 tsp); Sour cream (100g); Oil for frying (50ml)"
Latvia,Aukstā zupa,"Beets (300g); Kefir (1L); Cucumber (2); Hard-boiled eggs (3); Bologna sausage (200g); Dill (1/2 cup); Scallions (1/2 cup); Mustard (1 tsp); Vinegar (1 tsp); Salt (1 tsp)"
Lebanon,Kibbeh,"Ground lamb (500g); Bulgur (300g); Onion (2); Pine nuts (50g); Allspice (1 tsp); Cinnamon (1/2 tsp); Cumin (1/2 tsp); Mint (1 tbsp); Olive oil (2 tbsp); Salt (1 tsp)"
Lebanon,Tabbouleh,"Parsley (3 bunches); Mint (1/2 cup); Bulgur (50g); Tomatoes (3); Scallions (4); Lemon juice (100ml); Olive oil (100ml); Allspice (1/4 tsp); Salt (1 tsp); Black pepper (1/2 tsp)"
Lebanon,Hummus,"Chickpeas (400g); Tahini (150g); Lemon juice (50ml); Garlic (2 cloves); Olive oil (30ml); Cumin (1/2 tsp); Salt (1 tsp); Paprika (pinch); Parsley (1 tbsp)"
Lesotho,Pap-pap,"Maize meal (500g); Water (1L); Salt (1 tsp)"
Lesotho,Motoho,"Sorghum flour (500g); Water (2L); Sugar (100g)"
Lesotho,Oxtail Stew,"Oxtail (1kg); Onion (2); Carrots (2); Celery (1); Garlic (3 cloves); Tomato paste (2 tbsp); Beef stock (1L); Thyme (1 tsp); Rosemary (1 tsp); Salt (1 tsp)"
Liberia,Jollof Rice,"Rice (500g); Chicken (500g); Tomato paste (3 tbsp); Onion (2); Bell pepper (1); Scotch bonnet (1); Thyme (1 tsp); Garlic (2 cloves); Ginger (1 tsp); Oil (100ml)"
Liberia,Cassava Leaf Soup,"Cassava leaves (500g); Palm oil (100ml); Smoked fish (200g); Beef (200g); Peanut butter (2 tbsp); Onion (1); Garlic (2 cloves); Chili pepper (1); Salt (1 tsp)"
Liberia,Palm Butter,"Palm nut pulp (500g); Fish or Chicken (500g); Onion (1); Garlic (2 cloves); Chili pepper (1); Salt (1 tsp); Water (1L)"
Libya,Couscous,"Couscous (500g); Lamb (500g); Chickpeas (200g); Ras el Hanout (1 tbsp); Tomato paste (2 tbsp); Onion (1); Cinnamon (1/2 tsp); Ginger (1 tsp); Turmeric (1/2 tsp); Salt (1 tsp)"
Libya,Bazeen,"Barley flour (1kg); Lamb stew (500g); Tomato paste (3 tbsp); Turmeric (1 tsp); Chili powder (1 tsp); Garlic (3 cloves); Hard-boiled eggs (4); Oil (50ml); Salt (1 tsp)"
Libya,Asida,"Wheat flour (500g); Butter (100g); Honey or Date syrup (200ml); Salt (1/2 tsp); Water (1L)"
Lithuania,Cepelinai,"Potatoes (2kg); Ground pork (500g); Onion (2); Sour cream (200ml); Bacon (100g); Dried marjoram (1 tsp); Salt (2 tsp); Black pepper (1 tsp); Cornstarch (1 tbsp)"
Lithuania,Šaltibarščiai,"Pickled beets (500g); Kefir (1L); Cucumber (2); Hard-boiled eggs (2); Scallions (1/2 cup); Dill (1/2 cup); Salt (1 tsp); Boiled potatoes (4)"
Lithuania,Kugelis,"Potatoes (2kg); Bacon (200g); Onion (2); Eggs (3); Milk (200ml); Salt (1.5 tsp); Black pepper (1/2 tsp); Marjoram (1/2 tsp)"
Luxembourg,Judd mat Gaardebounen,"Smoked pork collar (1.5kg); Broad beans (500g); Onion (1); Flour (2 tbsp); Butter (30g); Heavy cream (100ml); Savory herb (1 tsp); Parsley (1 tbsp); Black pepper (1/2 tsp); Salt (1/2 tsp)"
Luxembourg,Bouneschlupp,"Green beans (500g); Potatoes (3); Bacon (100g); Onion (1); Sour cream (100ml); Flour (1 tbsp); Savory herb (1/2 tsp); Parsley (1 tbsp); Salt (1 tsp); Black pepper (1/2 tsp)"
Luxembourg,Gromperekichelcher,"Potatoes (1kg); Onion (1); Parsley (1/2 cup); Eggs (2); Flour (2 tbsp); Nutmeg (1/4 tsp); Salt (1 tsp); Black pepper (1/2 tsp); Oil for frying (200ml)"
Madagascar,Romazava,"Beef (500g); Pork (200g); Chicken (300g); Ginger (2 tbsp); Garlic (3 cloves); Onion (1); Tomatoes (2); Spilanthes/Mafane greens (200g); Mustard greens (200g); Salt (1 tsp)"
Madagascar,Ravitoto,"Cassava leaves (500g); Pork belly (500g); Garlic (4 cloves); Ginger (1 tbsp); Onion (1); Salt (1 tsp); Oil (2 tbsp); Coconut milk (200ml)"
Madagascar,Lasary,"Green beans (200g); Carrots (200g); Cabbage (200g); Vinegar (3 tbsp); Curry powder (1 tsp); Mustard (1 tsp); Oil (2 tbsp); Onion (1); Salt (1 tsp)"
Malawi,Nsima,"Maize flour (500g); Water (1L); Salt (1/2 tsp)"
Malawi,Chambo,"Chambo fish (2); Lemon juice (2 tbsp); Onion (1); Tomato (2); Curry powder (1 tsp); Garlic (2 cloves); Ginger (1 tsp); Oil (50ml); Salt (1 tsp)"
Malawi,Kachumbari,"Tomatoes (3); Red onion (1); Chili pepper (1); Cilantro (2 tbsp); Lime juice (2 tbsp); Salt (1/2 tsp); Black pepper (1/4 tsp)"
Malaysia,Nasi Lemak,"Jasmine rice (500g); Coconut milk (400ml); Pandan leaves (2); Ginger (20g); Salt (1 tsp); Anchovies (50g); Peanuts (50g); Cucumber (1); Hard-boiled egg (2); Sambal paste (4 tbsp)"
Malaysia,Laksa,"Rice noodles (400g); Coconut milk (500ml); Shrimp (200g); Fish balls (10); Laksa paste (4 tbsp); Bean sprouts (100g); Tofu puffs (6); Laksa leaf/Vietnamese mint (1/4 cup); Lemongrass (1); Chili (2)"
Malaysia,Satay,"Chicken/Beef (500g); Lemongrass (2); Turmeric (1 tsp); Coriander (1 tsp); Cumin (1/2 tsp); Shallots (4); Garlic (3 cloves); Peanut sauce (200ml); Sugar (2 tbsp); Salt (1 tsp)"
Maldives,Mas Huni,"Smoked tuna (200g); Grated coconut (200g); Onion (1); Lime (2); Chili (2); Salt (1/2 tsp); Roshi flatbread (4)"
Maldives,Garudhiya,"Tuna chunks (500g); Water (1.5L); Salt (2 tsp); Chili (2); Curry leaves (10); Onion (1); Lime (2)"
Maldives,Kulhimas,"Tuna (500g); Onion (2); Garlic (3 cloves); Ginger (1 tsp); Chili (3); Curry leaves (10); Turmeric (1/2 tsp); Chili powder (1 tsp); Coconut milk (100ml); Salt (1 tsp)"